Class Name;DefaultDisplayName;DefaultCategory;Behaviors;DisplayOrder;DefaultIconBlockOffset;DefaultIconViewOffset;DefaultIconViewScale;FirstPersonScale;FirstPersonOffset;FirstPersonRotation;InHandScale;InHandOffset;InHandRotation;CraftingId;DefaultCreativeData;IsCollidable;IsPlaceable;IsDiggingTransparent;IsPlacementTransparent;DefaultIsInteractive;IsEditable;IsNonDuplicable;IsGatherable;HasCollisionBehavior;KillsWhenStuck;IsFluidBlocker;IsTransparent;GenerateFacesForSameNeighbors;DefaultShadowStrength;LightAttenuation;DefaultEmittedLightAmount;ObjectShadowStrength;DefaultDropContent;DefaultDropCount;DefaultExperienceCount;RequiredToolLevel;MaxStacking;SleepSuitability;FrictionFactor;Density;NoAutoJump;NoSmoothRise;FuelHeatLevel;FuelFireDuration;DefaultSoundMaterialName;ShovelPower;QuarryPower;HackPower;DefaultMeleePower;DefaultMeleeHitProbability;DefaultProjectilePower;ToolLevel;PlayerLevelRequired;Durability;IsAimable;IsStickable;AlignToVelocity;ProjectileSpeed;ProjectileDamping;ProjectileTipOffset;DisintegratesOnHit;ProjectileStickProbability;DefaultHeat;FireDuration;ExplosionResilience;DefaultExplosionPressure;DefaultExplosionIncendiary;ExplosionKeepsPickables;DigMethod;DigResilience;ProjectileResilience;DefaultNutritionalValue;DefaultSicknessProbability;FoodType;DefaultRotPeriod;DefaultTextureSlot;DestructionDebrisScale;
GrownWoodBlock;;PhytoMana;;12;0,0,0;1, 1, 1;1;0.4;0.5, -0.5, -0.6;0, 40, 0;0.3;0,0.12,0;0, 0, 45;grownwood;0;TRUE;TRUE;FALSE;FALSE;FALSE;FALSE;FALSE;FALSE;FALSE;FALSE;TRUE;FALSE;FALSE;15;0;0;1;#;1;0.01;0;40;0.5;1;0.5;FALSE;FALSE;1;20;Wood;1;1;1;1;;2;1;;-1;FALSE;FALSE;FALSE;0;;0;FALSE;0.95;;20;20;;;;Hack;5;1;;;;;;;
GrownStoneBlock;;PhytoMana;;11;0,0,0;1, 1, 1;1;0.4;0.5, -0.5, -0.6;0, 40, 0;0.3;0,0.12,0;0, 0, 45;grownstone;0;TRUE;TRUE;FALSE;FALSE;FALSE;FALSE;FALSE;FALSE;FALSE;FALSE;TRUE;FALSE;FALSE;15;0;0;1;#;1;0.01;0;40;0;1;3;FALSE;FALSE;0;0;Stone;1;1;1;1;;2;1;;-1;FALSE;FALSE;FALSE;0;;0;FALSE;0;;0;75;;;;Quarry;14;1;;;;;;;
GrownDaisyFlower;;PhytoMana;GrownDaisyBehavior;20;0,0,0;0, 0, 1;1;0.4;0.5, -0.5, -0.6;0, -70, 0;0.4;0,0.12,0;0, 0, 0;growndaisy;0;FALSE;TRUE;FALSE;TRUE;FALSE;FALSE;FALSE;FALSE;FALSE;FALSE;FALSE;TRUE;FALSE;4;1;0;0;#;1;;0;40;0;1;0.5;FALSE;FALSE;1;0.5;Plant;1;1;1;1;;1;1;;-1;FALSE;FALSE;FALSE;0;;0;FALSE;0;;6;2;;;;Hack;0;1;;;Grass;;;;
SunPowerFlower;;PhytoMana;SunPowerBehavior;21;0,0,0;0, 0, 1;1;0.4;0.5, -0.5, -0.6;0, -70, 0;0.4;0,0.12,0;0, 0, 0;sunpower;0;FALSE;TRUE;FALSE;TRUE;FALSE;FALSE;FALSE;FALSE;FALSE;FALSE;FALSE;TRUE;FALSE;4;1;0;0;#;1;;0;40;0;1;0.5;FALSE;FALSE;1;0.5;Plant;1;1;1;1;;1;1;;-1;FALSE;FALSE;FALSE;0;;0;FALSE;0;;6;2;;;;Hack;0;1;;;Grass;;;;
WaterDonFlower;;PhytoMana;WaterDonBehavior;21;0,0,0;0, 0, 1;1;0.4;0.5, -0.5, -0.6;0, -70, 0;0.4;0,0.12,0;0, 0, 0;waterdon;0;FALSE;TRUE;FALSE;TRUE;FALSE;FALSE;FALSE;FALSE;FALSE;FALSE;TRUE;TRUE;FALSE;4;1;0;0;#;1;;0;40;0;1;0.5;FALSE;FALSE;1;0.5;Plant;1;1;1;1;;1;1;;-1;FALSE;FALSE;FALSE;0;;0;FALSE;0;;6;2;;;;Hack;0;1;;;Grass;;;;
ManaSpreaderBlock;;PhytoMana;;10;0,0,0;1, 1, 1;1;0.4;0.5, -0.5, -0.6;0, 40, 0;0.3;0,0.12,0;0, 0, 45;manaspreader;0;TRUE;TRUE;FALSE;FALSE;FALSE;FALSE;FALSE;FALSE;FALSE;FALSE;TRUE;FALSE;FALSE;15;0;0;1;#;1;0.01;0;40;0.5;1;0.5;FALSE;FALSE;1;20;Wood;1;1;1;1;;2;1;;-1;FALSE;FALSE;FALSE;0;;0;FALSE;0.95;;20;20;;;;Hack;5;1;;;;;;;
SumeruFlowerBlock;;PhytoMana;;0;0,0,0;0, 0, 1;1;0.4;0.5, -0.5, -0.6;0, -70, 0;0.4;0,0.12,0;0, 0, 0;sumeruflower;0;FALSE;TRUE;FALSE;TRUE;FALSE;FALSE;FALSE;FALSE;FALSE;FALSE;FALSE;TRUE;FALSE;4;1;0;0;#;1;;0;40;0;1;0.5;FALSE;FALSE;1;0.5;Plant;1;1;1;1;;1;1;;-1;FALSE;FALSE;FALSE;0;;0;FALSE;0;;6;2;;;;Hack;0;1;;;Grass;;;;
SumeruPetalBlock;;PhytoMana;;1;0,0,0;0, 0, 1;1;0.4;0.5, -0.5, -0.6;0, -70, 0;0.3;0,0.12,0;0, 0, 45;petal;0;FALSE;FALSE;FALSE;FALSE;FALSE;FALSE;FALSE;FALSE;FALSE;FALSE;FALSE;FALSE;FALSE;15;0;0;0;;;;;12;0;1;0.5;FALSE;FALSE;0;0;;1;1;1;1;;0;1;;-1;FALSE;FALSE;FALSE;0;;0;FALSE;0;;0;;;;;;;;;;;;;;
GrownRodBlock;;PhytoMana;;3;0,0,0;-1, 0.5, 0;0.85;0.4;0.5, -0.5, -0.6;0, 40, 0;0.5;0,0.2,0;0, 0, 0;grownrod;0;TRUE;FALSE;FALSE;TRUE;FALSE;FALSE;FALSE;FALSE;FALSE;FALSE;FALSE;FALSE;FALSE;15;0;0;0;;1;;0;40;0;1;3;FALSE;FALSE;0;0;;1;1;1;2;;1;1;;-1;FALSE;FALSE;FALSE;0;;0;FALSE;0;;;;;;;;;1;;;;;;;
GrownStaffBlock;;PhytoMana;GrownStaffBehavior;30;0,0,0;0, 0, 1;1;0.4;0.5, -0.5, -0.6;0, -70, 0;0.3;0,0.12,0;0, 0, 45;grownstaff;0;FALSE;FALSE;FALSE;FALSE;FALSE;FALSE;FALSE;FALSE;FALSE;FALSE;FALSE;FALSE;FALSE;15;0;0;0;;;;;12;0;1;0.5;FALSE;FALSE;0;0;;1;1;1;1;;0;1;;-1;FALSE;FALSE;FALSE;0;;0;FALSE;0;;0;;;;;;;;;;;;;;